id,property_id,check_in,check_out,nights,nightly_rate,total_cost,guest_count,adults,children,infants
1,1,2020-07-08,2020-07-12,4,338,1662.20,11,10,1,0
2,1,2020-10-22,2020-10-27,5,338,2034.00,8,4,2,2
3,1,2020-12-09,2020-12-16,7,338,2777.60,11,10,1,0
4,1,2020-11-12,2020-11-21,9,338,3521.20,2,1,0,1
5,1,2020-10-08,2020-10-15,7,338,2777.60,4,4,0,0
6,2,2020-12-29,2021-01-04,6,247,1805.20,3,1,2,0
7,2,2020-11-13,2020-11-15,2,247,718.40,3,1,0,2
8,2,2020-06-21,2020-06-24,3,247,990.10,3,3,0,0
9,2,2020-11-07,2020-11-14,7,247,2076.90,3,3,0,0
10,2,2020-11-11,2020-11-17,6,247,1805.20,3,2,0,1
11,2,2020-08-14,2020-08-15,1,247,446.70,3,3,0,0
12,2,2020-12-10,2020-12-11,1,247,446.70,3,3,0,0
13,2,2020-12-02,2020-12-07,5,247,1533.50,3,3,0,0
14,2,2020-11-12,2020-11-13,1,247,446.70,3,2,1,0
15,3,2020-12-01,2020-12-10,9,260,2749.00,12,12,0,0
16,3,2020-08-10,2020-08-20,10,260,3035.00,12,12,0,0
17,3,2020-09-26,2020-10-02,6,260,1891.00,12,12,0,0
18,3,2020-12-15,2020-12-18,3,260,1033.00,12,11,1,0
19,3,2020-08-13,2020-08-22,9,260,2749.00,12,12,0,0
20,4,2020-06-28,2020-06-30,2,126,452.20,4,3,1,0
21,4,2020-07-28,2020-08-06,9,126,1422.40,4,1,1,2
22,4,2020-10-31,2020-11-10,10,126,1561.00,3,2,1,0
23,4,2020-09-27,2020-09-29,2,126,452.20,4,4,0,0
24,4,2020-11-26,2020-12-03,7,126,1145.20,2,1,0,1
25,4,2020-07-19,2020-07-25,6,126,1006.60,4,3,1,0
26,4,2020-06-29,2020-07-06,7,126,1145.20,4,1,2,1
27,5,2020-09-19,2020-09-20,1,208,403.80,3,2,1,0
28,5,2020-08-10,2020-08-11,1,208,403.80,6,4,0,2
29,5,2020-11-14,2020-11-23,9,208,2234.20,5,2,2,1
30,5,2020-07-04,2020-07-05,1,208,403.80,7,7,0,0
31,5,2020-11-19,2020-11-26,7,208,1776.60,7,7,0,0
32,5,2020-07-29,2020-08-05,7,208,1776.60,1,1,0,0
33,6,2020-10-16,2020-10-26,10,304,3519.00,3,2,1,0
34,6,2020-10-29,2020-10-30,1,304,509.40,11,9,0,2
35,6,2020-08-22,2020-08-25,3,304,1178.20,2,1,1,0
36,6,2020-06-21,2020-07-01,10,304,3519.00,10,10,0,0
37,6,2020-11-12,2020-11-19,7,304,2515.80,11,8,1,2
38,7,2020-10-08,2020-10-17,9,312,3263.80,2,1,1,0
39,7,2020-09-25,2020-09-27,2,312,861.40,2,1,1,0
40,7,2020-12-01,2020-12-08,7,312,2577.40,2,1,1,0
41,7,2020-12-29,2021-01-07,9,312,3263.80,2,1,0,1
42,7,2020-10-11,2020-10-12,1,312,518.20,2,1,1,0
43,7,2020-12-18,2020-12-22,4,312,1547.80,2,2,0,0
44,7,2020-07-31,2020-08-04,4,312,1547.80,2,1,1,0
45,7,2020-06-24,2020-06-30,6,312,2234.20,2,1,1,0
46,8,2020-08-04,2020-08-10,6,350,2485.00,2,2,0,0
47,8,2020-09-28,2020-10-05,7,350,2870.00,2,2,0,0
48,8,2020-08-20,2020-08-28,8,350,3255.00,2,1,1,0
49,8,2020-10-16,2020-10-25,9,350,3640.00,2,1,0,1
50,8,2020-10-31,2020-11-04,4,350,1715.00,2,2,0,0
51,8,2020-06-28,2020-07-02,4,350,1715.00,2,2,0,0
52,9,2020-08-13,2020-08-20,7,282,2346.40,8,5,1,2
53,9,2020-08-23,2020-09-01,9,282,2966.80,9,9,0,0
54,9,2020-09-09,2020-09-17,8,282,2656.60,7,4,1,2
55,9,2020-09-29,2020-10-08,9,282,2966.80,4,4,0,0
56,9,2020-12-22,2020-12-28,6,282,2036.20,6,5,1,0
57,9,2020-08-09,2020-08-12,3,282,1105.60,7,7,0,0
58,9,2020-12-04,2020-12-13,9,282,2966.80,8,6,0,2
59,9,2020-12-13,2020-12-18,5,282,1726.00,10,9,1,0
60,9,2020-07-03,2020-07-10,7,282,2346.40,2,2,0,0
61,10,2020-08-02,2020-08-03,1,244,443.40,6,6,0,0
62,10,2020-07-11,2020-07-12,1,244,443.40,3,1,0,2
63,10,2020-10-10,2020-10-18,8,244,2322.20,6,3,1,2
64,10,2020-10-31,2020-11-10,10,244,2859.00,6,4,1,1
65,10,2020-11-29,2020-12-08,9,244,2590.60,6,5,1,0
66,10,2020-10-19,2020-10-20,1,244,443.40,4,1,1,2
67,10,2020-10-02,2020-10-12,10,244,2859.00,4,4,0,0
68,11,2020-11-14,2020-11-16,2,341,925.20,3,2,0,1
69,11,2020-09-18,2020-09-22,4,341,1675.40,3,1,1,1
70,11,2020-12-02,2020-12-10,8,341,3175.80,3,3,0,0
71,11,2020-11-02,2020-11-12,10,341,3926.00,3,3,0,0
72,11,2020-07-06,2020-07-16,10,341,3926.00,3,2,1,0
73,11,2020-09-10,2020-09-15,5,341,2050.50,3,3,0,0
74,11,2020-08-18,2020-08-22,4,341,1675.40,3,2,0,1
75,11,2020-07-29,2020-07-31,2,341,925.20,3,2,1,0
76,12,2020-08-14,2020-08-15,1,162,353.20,6,5,0,1
77,12,2020-07-05,2020-07-08,3,162,709.60,7,7,0,0
78,12,2020-08-09,2020-08-16,7,162,1422.40,7,6,1,0
79,12,2020-07-10,2020-07-17,7,162,1422.40,7,3,2,2
80,12,2020-08-07,2020-08-09,2,162,531.40,6,4,1,1
81,12,2020-07-22,2020-07-29,7,162,1422.40,6,4,0,2
82,13,2020-07-26,2020-08-05,10,176,2111.00,8,6,2,0
83,13,2020-07-17,2020-07-27,10,176,2111.00,8,6,0,2
84,13,2020-07-30,2020-08-01,2,176,562.20,8,8,0,0
85,13,2020-07-10,2020-07-12,2,176,562.20,8,6,0,2
86,13,2020-10-27,2020-10-31,4,176,949.40,8,6,1,1
87,13,2020-10-12,2020-10-16,4,176,949.40,8,4,2,2
88,14,2020-11-19,2020-11-29,10,417,4762.00,3,1,0,2
89,14,2020-07-13,2020-07-16,3,417,1551.10,3,1,1,1
90,14,2020-10-09,2020-10-12,3,417,1551.10,3,2,1,0
91,14,2020-06-23,2020-06-28,5,417,2468.50,3,3,0,0
92,14,2020-12-27,2020-12-28,1,417,633.70,2,1,0,1
93,14,2020-09-07,2020-09-16,9,417,4303.30,3,2,1,0
94,14,2020-12-05,2020-12-15,10,417,4762.00,1,1,0,0
95,14,2020-10-22,2020-10-30,8,417,3844.60,3,2,1,0
96,14,2020-10-29,2020-11-01,3,417,1551.10,3,3,0,0
97,15,2020-08-07,2020-08-16,9,404,4174.60,6,5,1,0
98,15,2020-10-19,2020-10-27,8,404,3730.20,4,2,2,0
99,15,2020-12-26,2021-01-03,8,404,3730.20,6,5,1,0
100,15,2020-08-06,2020-08-11,5,404,2397.00,3,2,0,1
101,15,2020-11-27,2020-12-04,7,404,3285.80,6,4,1,1
102,15,2020-08-12,2020-08-22,10,404,4619.00,3,2,0,1
103,15,2020-06-30,2020-07-06,6,404,2841.40,6,5,1,0
104,15,2020-09-15,2020-09-17,2,404,1063.80,6,3,2,1
105,16,2020-08-21,2020-08-25,4,236,1213.40,8,8,0,0
106,16,2020-08-10,2020-08-15,5,236,1473.00,4,2,2,0
107,16,2020-07-25,2020-07-26,1,236,434.60,6,3,1,2
108,16,2020-11-15,2020-11-16,1,236,434.60,8,6,2,0
109,16,2020-11-25,2020-12-01,6,236,1732.60,4,2,0,2
110,16,2020-11-06,2020-11-14,8,236,2251.80,4,2,1,1
111,17,2020-08-29,2020-09-05,7,450,3640.00,10,8,1,1
112,17,2020-07-31,2020-08-07,7,450,3640.00,9,6,1,2
113,17,2020-11-30,2020-12-08,8,450,4135.00,11,10,1,0
114,17,2020-11-03,2020-11-08,5,450,2650.00,11,10,0,1
115,17,2020-07-30,2020-08-02,3,450,1660.00,11,8,2,1
116,18,2020-06-23,2020-07-01,8,150,1495.00,1,1,0,0
117,18,2020-11-20,2020-11-24,4,150,835.00,4,4,0,0
118,18,2020-12-26,2021-01-03,8,150,1495.00,2,1,1,0
119,18,2020-08-03,2020-08-10,7,150,1330.00,4,1,2,1
120,18,2020-08-05,2020-08-11,6,150,1165.00,4,4,0,0
121,18,2020-12-03,2020-12-11,8,150,1495.00,4,2,1,1
122,18,2020-07-18,2020-07-21,3,150,670.00,4,3,0,1
123,19,2020-07-31,2020-08-02,2,317,872.40,7,6,1,0
124,19,2020-12-02,2020-12-05,3,317,1221.10,6,3,1,2
125,19,2020-09-23,2020-09-28,5,317,1918.50,7,7,0,0
126,19,2020-06-23,2020-06-24,1,317,523.70,4,2,1,1
127,19,2020-10-31,2020-11-05,5,317,1918.50,7,7,0,0
128,19,2020-12-25,2020-12-31,6,317,2267.20,4,1,1,2
129,19,2020-12-24,2021-01-03,10,317,3662.00,7,7,0,0
130,20,2020-09-21,2020-09-26,5,342,2056.00,6,5,0,1
131,20,2020-09-04,2020-09-12,8,342,3184.60,12,10,1,1
132,20,2020-12-22,2020-12-31,9,342,3560.80,4,2,2,0
133,20,2020-10-27,2020-11-06,10,342,3937.00,3,3,0,0
134,20,2020-10-23,2020-10-31,8,342,3184.60,3,1,1,1
135,20,2020-10-16,2020-10-21,5,342,2056.00,9,8,0,1
136,21,2020-11-04,2020-11-06,2,372,993.40,3,3,0,0
137,21,2020-12-21,2020-12-22,1,372,584.20,3,3,0,0
138,21,2020-07-30,2020-08-08,9,372,3857.80,3,1,1,1
139,21,2020-09-21,2020-10-01,10,372,4267.00,2,2,0,0
140,21,2020-10-20,2020-10-29,9,372,3857.80,3,1,0,2
141,22,2020-12-25,2020-12-30,5,285,1742.50,3,2,0,1
142,22,2020-08-13,2020-08-16,3,285,1115.50,3,2,1,0
143,22,2020-08-28,2020-08-30,2,285,802.00,3,3,0,0
144,22,2020-12-25,2021-01-01,7,285,2369.50,2,1,1,0
145,22,2020-09-18,2020-09-24,6,285,2056.00,3,2,1,0
146,22,2020-07-03,2020-07-07,4,285,1429.00,3,2,1,0
147,22,2020-08-15,2020-08-16,1,285,488.50,3,2,0,1
148,22,2020-07-11,2020-07-12,1,285,488.50,3,3,0,0
149,23,2020-12-09,2020-12-12,3,381,1432.30,6,3,2,1
150,23,2020-12-09,2020-12-19,10,381,4366.00,6,6,0,0
151,23,2020-11-25,2020-12-05,10,381,4366.00,5,3,0,2
152,23,2020-12-26,2021-01-02,7,381,3108.70,4,2,0,2
153,23,2020-11-14,2020-11-16,2,381,1013.20,4,1,2,1
154,24,2020-07-30,2020-08-09,10,372,4267.00,3,1,1,1
155,24,2020-11-17,2020-11-20,3,372,1402.60,3,3,0,0
156,24,2020-09-02,2020-09-12,10,372,4267.00,3,2,1,0
157,24,2020-11-07,2020-11-08,1,372,584.20,2,1,0,1
158,24,2020-11-10,2020-11-20,10,372,4267.00,3,3,0,0
159,24,2020-06-27,2020-07-07,10,372,4267.00,3,2,1,0
160,24,2020-10-15,2020-10-16,1,372,584.20,3,3,0,0
161,25,2020-12-16,2020-12-18,2,287,806.40,3,3,0,0
162,25,2020-08-28,2020-09-05,8,287,2700.60,3,2,1,0
163,25,2020-11-01,2020-11-08,7,287,2384.90,3,1,0,2
164,25,2020-09-11,2020-09-13,2,287,806.40,3,1,1,1
165,25,2020-09-27,2020-10-01,4,287,1437.80,3,1,2,0
166,25,2020-07-04,2020-07-14,10,287,3332.00,3,3,0,0
167,25,2020-11-04,2020-11-05,1,287,490.70,3,2,0,1
168,25,2020-08-06,2020-08-14,8,287,2700.60,3,2,1,0
169,25,2020-11-16,2020-11-23,7,287,2384.90,3,2,1,0
170,26,2020-11-18,2020-11-23,5,160,1055.00,5,4,1,0
171,26,2020-09-15,2020-09-17,2,160,527.00,7,6,1,0
172,26,2020-12-28,2020-12-29,1,160,351.00,10,9,1,0
173,26,2020-10-22,2020-10-24,2,160,527.00,10,7,2,1
174,26,2020-09-18,2020-09-27,9,160,1759.00,10,10,0,0
175,26,2020-11-06,2020-11-16,10,160,1935.00,5,2,1,2
176,26,2020-08-16,2020-08-22,6,160,1231.00,10,10,0,0
177,27,2020-07-11,2020-07-14,3,499,1821.70,3,2,1,0
178,27,2020-12-02,2020-12-11,9,499,5115.10,3,1,2,0
179,27,2020-10-19,2020-10-23,4,499,2370.60,3,3,0,0
180,27,2020-08-05,2020-08-15,10,499,5664.00,2,2,0,0
181,27,2020-10-24,2020-11-02,9,499,5115.10,3,2,1,0
182,27,2020-11-18,2020-11-20,2,499,1272.80,3,3,0,0
183,27,2020-10-12,2020-10-21,9,499,5115.10,2,1,0,1
184,27,2020-06-30,2020-07-01,1,499,723.90,3,3,0,0
185,28,2020-07-14,2020-07-19,5,398,2364.00,2,2,0,0
186,28,2020-07-10,2020-07-18,8,398,3677.40,2,1,0,1
187,28,2020-09-30,2020-10-06,6,398,2801.80,2,1,1,0
188,28,2020-10-31,2020-11-08,8,398,3677.40,2,2,0,0
189,28,2020-11-20,2020-11-29,9,398,4115.20,2,1,1,0
190,29,2020-12-26,2020-12-29,3,435,1610.50,8,8,0,0
191,29,2020-06-21,2020-06-27,6,435,3046.00,3,3,0,0
192,29,2020-07-19,2020-07-22,3,435,1610.50,6,4,1,1
193,29,2020-08-06,2020-08-14,8,435,4003.00,5,3,0,2
194,29,2020-10-06,2020-10-13,7,435,3524.50,5,2,1,2
195,30,2020-11-20,2020-11-23,3,329,1260.70,3,1,2,0
196,30,2020-11-28,2020-12-06,8,329,3070.20,1,1,0,0
197,30,2020-09-20,2020-09-30,10,329,3794.00,2,1,0,1
198,30,2020-06-22,2020-06-28,6,329,2346.40,3,3,0,0
199,30,2020-08-19,2020-08-28,9,329,3432.10,3,2,1,0
200,30,2020-12-25,2020-12-28,3,329,1260.70,3,3,0,0
201,30,2020-09-10,2020-09-13,3,329,1260.70,3,2,0,1
202,30,2020-09-07,2020-09-11,4,329,1622.60,2,1,0,1
203,31,2020-07-20,2020-07-27,7,430,3486.00,10,10,0,0
204,31,2020-07-15,2020-07-18,3,430,1594.00,10,9,1,0
205,31,2020-11-02,2020-11-06,4,430,2067.00,4,3,0,1
206,31,2020-10-28,2020-11-05,8,430,3959.00,2,1,0,1
207,31,2020-12-10,2020-12-12,2,430,1121.00,6,3,1,2
208,32,2020-10-27,2020-10-29,2,204,623.80,6,6,0,0
209,32,2020-10-22,2020-10-29,7,204,1745.80,6,6,0,0
210,32,2020-12-21,2020-12-26,5,204,1297.00,6,3,2,1
211,32,2020-11-12,2020-11-22,10,204,2419.00,6,6,0,0
212,32,2020-07-07,2020-07-11,4,204,1072.60,3,3,0,0
213,32,2020-06-21,2020-06-22,1,204,399.40,4,1,2,1
214,32,2020-07-20,2020-07-26,6,204,1521.40,5,1,2,2
215,33,2020-08-14,2020-08-17,3,270,1066.00,3,3,0,0
216,33,2020-09-15,2020-09-20,5,270,1660.00,11,9,2,0
217,33,2020-09-14,2020-09-22,8,270,2551.00,7,6,1,0
218,33,2020-08-21,2020-08-28,7,270,2254.00,10,10,0,0
219,33,2020-12-07,2020-12-17,10,270,3145.00,3,1,2,0
220,34,2020-11-15,2020-11-24,9,299,3135.10,4,3,0,1
221,34,2020-10-23,2020-10-26,3,299,1161.70,9,9,0,0
222,34,2020-12-17,2020-12-20,3,299,1161.70,9,8,1,0
223,34,2020-08-05,2020-08-15,10,299,3464.00,9,9,0,0
224,34,2020-11-20,2020-11-26,6,299,2148.40,9,8,1,0
225,34,2020-08-07,2020-08-11,4,299,1490.60,4,1,2,1
226,34,2020-10-15,2020-10-16,1,299,503.90,7,4,2,1
227,34,2020-07-08,2020-07-16,8,299,2806.20,4,3,1,0
228,34,2020-08-25,2020-09-03,9,299,3135.10,5,2,2,1
229,35,2020-07-24,2020-07-29,5,468,2749.00,5,4,0,1
230,35,2020-09-29,2020-10-07,8,468,4293.40,3,1,0,2
231,35,2020-09-15,2020-09-21,6,468,3263.80,10,10,0,0
232,35,2020-07-03,2020-07-07,4,468,2234.20,10,9,1,0
233,35,2020-10-14,2020-10-16,2,468,1204.60,6,3,2,1
234,35,2020-11-03,2020-11-11,8,468,4293.40,10,9,1,0
235,36,2020-07-06,2020-07-09,3,102,511.60,4,3,1,0
236,36,2020-07-17,2020-07-21,4,102,623.80,3,1,1,1
237,36,2020-09-16,2020-09-17,1,102,287.20,4,1,1,2
238,36,2020-07-26,2020-07-31,5,102,736.00,4,3,1,0
239,36,2020-10-31,2020-11-10,10,102,1297.00,4,1,2,1
240,36,2020-12-24,2020-12-31,7,102,960.40,3,1,1,1
241,37,2020-10-03,2020-10-05,2,330,901.00,2,1,1,0
242,37,2020-11-10,2020-11-13,3,330,1264.00,2,2,0,0
243,37,2020-11-29,2020-12-02,3,330,1264.00,2,2,0,0
244,37,2020-06-28,2020-07-05,7,330,2716.00,2,2,0,0
245,37,2020-07-21,2020-07-27,6,330,2353.00,2,2,0,0
246,37,2020-12-20,2020-12-28,8,330,3079.00,2,2,0,0
247,37,2020-10-15,2020-10-17,2,330,901.00,2,1,1,0
248,38,2020-10-23,2020-10-28,5,357,2138.50,4,2,1,1
249,38,2020-06-20,2020-06-23,3,357,1353.10,3,3,0,0
250,38,2020-07-29,2020-08-08,10,357,4102.00,7,5,1,1
251,38,2020-06-29,2020-06-30,1,357,567.70,6,3,2,1
252,38,2020-09-03,2020-09-12,9,357,3709.30,5,4,1,0
253,39,2020-06-24,2020-06-27,3,347,1320.10,5,4,1,0
254,39,2020-10-04,2020-10-10,6,347,2465.20,4,1,1,2
255,39,2020-09-24,2020-09-28,4,347,1701.80,7,5,2,0
256,39,2020-09-16,2020-09-22,6,347,2465.20,5,3,2,0
257,39,2020-11-02,2020-11-12,10,347,3992.00,5,2,1,2
258,39,2020-07-11,2020-07-18,7,347,2846.90,4,1,2,1
259,39,2020-08-07,2020-08-12,5,347,2083.50,6,3,2,1
260,40,2020-07-28,2020-07-29,1,134,322.40,4,2,0,2
261,40,2020-08-09,2020-08-16,7,134,1206.80,4,3,1,0
262,40,2020-11-22,2020-11-25,3,134,617.20,3,2,1,0
263,40,2020-08-27,2020-08-30,3,134,617.20,4,4,0,0
264,40,2020-08-24,2020-09-03,10,134,1649.00,3,1,1,1
265,40,2020-10-13,2020-10-18,5,134,912.00,3,2,1,0
266,41,2020-07-12,2020-07-14,2,280,791.00,9,7,2,0
267,41,2020-12-17,2020-12-19,2,280,791.00,9,9,0,0
268,41,2020-12-03,2020-12-09,6,280,2023.00,12,11,1,0
269,41,2020-09-12,2020-09-22,10,280,3255.00,8,6,0,2
270,41,2020-10-05,2020-10-14,9,280,2947.00,7,7,0,0
271,41,2020-10-10,2020-10-16,6,280,2023.00,12,12,0,0
272,41,2020-11-06,2020-11-09,3,280,1099.00,12,12,0,0
273,41,2020-09-03,2020-09-06,3,280,1099.00,5,2,2,1
274,42,2020-08-28,2020-09-02,5,175,1137.50,2,1,1,0
275,42,2020-10-25,2020-11-03,9,175,1907.50,2,2,0,0
276,42,2020-11-03,2020-11-12,9,175,1907.50,2,1,1,0
277,42,2020-09-27,2020-10-05,8,175,1715.00,2,2,0,0
278,42,2020-12-05,2020-12-15,10,175,2100.00,2,2,0,0
279,43,2020-09-10,2020-09-15,5,473,2776.50,5,2,2,1
280,43,2020-11-29,2020-12-05,6,473,3296.80,4,2,1,1
281,43,2020-10-07,2020-10-16,9,473,4857.70,4,2,1,1
282,43,2020-08-07,2020-08-14,7,473,3817.10,5,2,1,2
283,43,2020-11-05,2020-11-06,1,473,695.30,3,1,0,2
284,43,2020-11-26,2020-11-27,1,473,695.30,4,3,1,0
285,43,2020-09-03,2020-09-12,9,473,4857.70,7,7,0,0
286,44,2020-09-10,2020-09-20,10,404,4619.00,10,8,0,2
287,44,2020-12-22,2020-12-27,5,404,2397.00,12,12,0,0
288,44,2020-06-23,2020-06-26,3,404,1508.20,8,6,0,2
289,44,2020-08-31,2020-09-05,5,404,2397.00,12,11,1,0
290,44,2020-07-27,2020-08-02,6,404,2841.40,4,3,0,1
291,44,2020-06-18,2020-06-25,7,404,3285.80,9,7,0,2
292,45,2020-07-09,2020-07-15,6,431,3019.60,2,1,0,1
293,45,2020-07-04,2020-07-08,4,431,2071.40,3,3,0,0
294,45,2020-12-06,2020-12-13,7,431,3493.70,4,2,2,0
295,45,2020-12-24,2020-12-28,4,431,2071.40,3,1,0,2
296,45,2020-12-19,2020-12-23,4,431,2071.40,3,1,2,0
297,45,2020-10-23,2020-10-31,8,431,3967.80,4,4,0,0
298,45,2020-06-23,2020-06-26,3,431,1597.30,3,1,2,0
299,45,2020-12-20,2020-12-27,7,431,3493.70,3,2,0,1
300,46,2020-12-19,2020-12-22,3,199,831.70,12,12,0,0
301,46,2020-08-11,2020-08-15,4,199,1050.60,11,10,0,1
302,46,2020-07-09,2020-07-14,5,199,1269.50,5,3,2,0
303,46,2020-12-10,2020-12-16,6,199,1488.40,6,3,1,2
304,46,2020-07-31,2020-08-06,6,199,1488.40,6,3,2,1
305,46,2020-11-20,2020-11-28,8,199,1926.20,8,6,1,1
306,46,2020-07-05,2020-07-13,8,199,1926.20,2,1,1,0
307,46,2020-12-19,2020-12-24,5,199,1269.50,8,7,0,1
308,46,2020-10-14,2020-10-15,1,199,393.90,6,4,1,1
309,47,2020-09-10,2020-09-13,3,290,1132.00,11,9,2,0
310,47,2020-10-26,2020-10-28,2,290,813.00,6,4,0,2
311,47,2020-12-23,2021-01-01,9,290,3046.00,8,7,1,0
312,47,2020-07-20,2020-07-26,6,290,2089.00,11,10,0,1
313,47,2020-09-20,2020-09-27,7,290,2408.00,7,5,0,2
314,47,2020-10-09,2020-10-14,5,290,1770.00,11,10,1,0
315,47,2020-11-03,2020-11-05,2,290,813.00,10,9,1,0
316,48,2020-11-24,2020-11-29,5,305,1852.50,10,8,0,2
317,48,2020-08-04,2020-08-10,6,305,2188.00,11,9,2,0
318,48,2020-11-15,2020-11-21,6,305,2188.00,1,1,0,0
319,48,2020-10-03,2020-10-12,9,305,3194.50,5,5,0,0
320,48,2020-07-14,2020-07-17,3,305,1181.50,6,2,2,2
321,48,2020-12-13,2020-12-20,7,305,2523.50,6,4,2,0
322,48,2020-12-29,2021-01-06,8,305,2859.00,2,1,0,1
323,49,2020-12-27,2020-12-29,2,359,964.80,3,1,2,0
324,49,2020-07-23,2020-07-24,1,359,569.90,3,2,1,0
325,49,2020-09-10,2020-09-12,2,359,964.80,3,3,0,0
326,49,2020-09-14,2020-09-17,3,359,1359.70,2,2,0,0
327,49,2020-07-12,2020-07-14,2,359,964.80,3,1,0,2
328,49,2020-10-30,2020-11-05,6,359,2544.40,3,2,1,0
329,49,2020-09-20,2020-09-27,7,359,2939.30,3,2,1,0
330,50,2020-12-19,2020-12-21,2,112,421.40,7,6,0,1
331,50,2020-08-04,2020-08-14,10,112,1407.00,6,4,2,0
332,50,2020-10-06,2020-10-08,2,112,421.40,8,7,1,0
333,50,2020-07-17,2020-07-21,4,112,667.80,2,1,1,0
334,50,2020-11-17,2020-11-21,4,112,667.80,6,5,1,0
335,50,2020-08-15,2020-08-22,7,112,1037.40,2,1,1,0
336,50,2020-12-03,2020-12-05,2,112,421.40,6,5,0,1
337,50,2020-12-06,2020-12-08,2,112,421.40,6,3,1,2
338,51,2020-10-16,2020-10-19,3,100,505.00,3,2,1,0
339,51,2020-09-05,2020-09-07,2,100,395.00,7,4,2,1
340,51,2020-08-16,2020-08-26,10,100,1275.00,7,4,2,1
341,51,2020-06-19,2020-06-22,3,100,505.00,9,5,2,2
342,51,2020-12-27,2021-01-04,8,100,1055.00,9,8,0,1
343,51,2020-07-26,2020-07-31,5,100,725.00,10,9,1,0
344,51,2020-09-22,2020-10-01,9,100,1165.00,9,5,2,2
345,51,2020-09-17,2020-09-20,3,100,505.00,7,6,1,0
346,51,2020-11-11,2020-11-13,2,100,395.00,8,8,0,0
347,52,2020-07-24,2020-07-29,5,440,2595.00,3,2,1,0
348,52,2020-11-14,2020-11-21,7,440,3563.00,3,2,1,0
349,52,2020-09-05,2020-09-15,10,440,5015.00,3,2,1,0
350,52,2020-07-27,2020-08-06,10,440,5015.00,3,2,1,0
351,52,2020-07-25,2020-07-27,2,440,1143.00,3,3,0,0
352,52,2020-10-24,2020-10-31,7,440,3563.00,2,1,0,1
353,53,2020-07-17,2020-07-26,9,346,3600.40,5,3,1,1
354,53,2020-08-17,2020-08-21,4,346,1697.40,5,2,1,2
355,53,2020-12-10,2020-12-15,5,346,2078.00,6,5,1,0
356,53,2020-08-09,2020-08-17,8,346,3219.80,6,3,2,1
357,53,2020-10-27,2020-11-02,6,346,2458.60,5,4,0,1
358,53,2020-12-11,2020-12-17,6,346,2458.60,6,2,2,2
359,53,2020-09-04,2020-09-09,5,346,2078.00,6,4,2,0
360,54,2020-06-26,2020-07-01,5,252,1561.00,4,1,2,1
361,54,2020-10-17,2020-10-21,4,252,1283.80,6,4,1,1
362,54,2020-11-29,2020-12-02,3,252,1006.60,4,2,0,2
363,54,2020-12-16,2020-12-17,1,252,452.20,6,3,2,1
364,54,2020-11-05,2020-11-06,1,252,452.20,6,4,2,0
365,54,2020-12-07,2020-12-10,3,252,1006.60,6,5,0,1
366,54,2020-11-03,2020-11-08,5,252,1561.00,3,2,1,0
367,54,2020-10-08,2020-10-14,6,252,1838.20,6,4,2,0
368,55,2020-08-26,2020-09-03,8,325,3035.00,4,4,0,0
369,55,2020-12-19,2020-12-26,7,325,2677.50,2,1,1,0
370,55,2020-10-05,2020-10-09,4,325,1605.00,4,2,1,1
371,55,2020-06-26,2020-07-03,7,325,2677.50,4,3,1,0
372,55,2020-08-10,2020-08-17,7,325,2677.50,4,1,2,1
373,55,2020-09-21,2020-10-01,10,325,3750.00,4,3,1,0
374,56,2020-10-27,2020-10-28,1,352,562.20,5,3,1,1
375,56,2020-08-22,2020-08-31,9,352,3659.80,4,1,1,2
376,56,2020-06-20,2020-06-24,4,352,1723.80,6,6,0,0
377,56,2020-10-12,2020-10-22,10,352,4047.00,6,5,0,1
378,56,2020-10-20,2020-10-30,10,352,4047.00,5,4,1,0
379,56,2020-07-31,2020-08-07,7,352,2885.40,6,4,2,0
380,56,2020-07-17,2020-07-23,6,352,2498.20,6,5,1,0
381,56,2020-12-22,2020-12-28,6,352,2498.20,4,1,2,1
382,56,2020-08-16,2020-08-25,9,352,3659.80,2,1,1,0
383,57,2020-08-25,2020-09-01,7,232,1961.40,2,1,1,0
384,57,2020-08-13,2020-08-14,1,232,430.20,2,2,0,0
385,57,2020-06-20,2020-06-29,9,232,2471.80,1,1,0,0
386,57,2020-07-07,2020-07-15,8,232,2216.60,2,2,0,0
387,57,2020-12-06,2020-12-12,6,232,1706.20,2,1,1,0
388,57,2020-09-27,2020-09-30,3,232,940.60,2,2,0,0
389,57,2020-08-11,2020-08-19,8,232,2216.60,2,2,0,0
390,57,2020-08-22,2020-08-25,3,232,940.60,2,2,0,0
391,57,2020-11-30,2020-12-10,10,232,2727.00,2,1,1,0
392,58,2020-09-02,2020-09-08,6,439,3072.40,8,6,2,0
393,58,2020-06-18,2020-06-23,5,439,2589.50,9,6,1,2
394,58,2020-12-16,2020-12-25,9,439,4521.10,6,4,1,1
395,58,2020-10-01,2020-10-06,5,439,2589.50,8,5,1,2
396,58,2020-10-06,2020-10-10,4,439,2106.60,11,9,2,0
397,58,2020-10-31,2020-11-05,5,439,2589.50,7,5,2,0
398,58,2020-07-11,2020-07-16,5,439,2589.50,6,6,0,0
399,58,2020-12-06,2020-12-14,8,439,4038.20,9,6,1,2
400,58,2020-10-25,2020-10-29,4,439,2106.60,11,8,2,1
401,59,2020-12-08,2020-12-14,6,365,2584.00,11,10,0,1
402,59,2020-08-16,2020-08-25,9,365,3788.50,12,11,1,0
403,59,2020-09-11,2020-09-20,9,365,3788.50,9,7,2,0
404,59,2020-09-29,2020-10-04,5,365,2182.50,11,8,1,2
405,59,2020-10-03,2020-10-05,2,365,978.00,12,10,2,0
406,59,2020-07-09,2020-07-13,4,365,1781.00,7,5,0,2
407,59,2020-07-09,2020-07-17,8,365,3387.00,11,9,0,2
408,59,2020-12-01,2020-12-05,4,365,1781.00,7,7,0,0
409,59,2020-09-19,2020-09-23,4,365,1781.00,12,10,2,0
410,60,2020-07-17,2020-07-25,8,384,3554.20,2,2,0,0
411,60,2020-12-03,2020-12-11,8,384,3554.20,4,2,1,1
412,60,2020-10-07,2020-10-15,8,384,3554.20,4,3,0,1
413,60,2020-07-05,2020-07-12,7,384,3131.80,3,1,2,0
414,60,2020-12-07,2020-12-13,6,384,2709.40,4,4,0,0
415,60,2020-11-06,2020-11-08,2,384,1019.80,4,4,0,0
416,60,2020-07-11,2020-07-19,8,384,3554.20,4,3,0,1
417,61,2020-11-18,2020-11-20,2,461,1189.20,2,1,0,1
418,61,2020-08-05,2020-08-08,3,461,1696.30,4,3,1,0
419,61,2020-10-31,2020-11-07,7,461,3724.70,3,3,0,0
420,61,2020-11-24,2020-12-02,8,461,4231.80,5,1,2,2
421,61,2020-10-30,2020-11-06,7,461,3724.70,3,3,0,0
422,61,2020-09-13,2020-09-19,6,461,3217.60,3,2,0,1
423,61,2020-11-27,2020-11-28,1,461,682.10,4,3,0,1
424,62,2020-08-06,2020-08-15,9,379,3927.10,8,5,2,1
425,62,2020-11-29,2020-12-08,9,379,3927.10,2,1,0,1
426,62,2020-08-26,2020-09-03,8,379,3510.20,11,8,2,1
427,62,2020-07-26,2020-08-04,9,379,3927.10,6,2,2,2
428,62,2020-08-02,2020-08-04,2,379,1008.80,3,1,0,2
429,62,2020-12-12,2020-12-14,2,379,1008.80,11,10,1,0
430,62,2020-09-04,2020-09-11,7,379,3093.30,11,11,0,0
431,62,2020-11-07,2020-11-13,6,379,2676.40,11,11,0,0
432,62,2020-10-22,2020-10-31,9,379,3927.10,6,6,0,0
433,63,2020-09-21,2020-09-29,8,224,2146.20,3,3,0,0
434,63,2020-12-10,2020-12-20,10,224,2639.00,4,2,1,1
435,63,2020-07-31,2020-08-10,10,224,2639.00,6,5,1,0
436,63,2020-11-20,2020-11-28,8,224,2146.20,5,4,1,0
437,63,2020-09-20,2020-09-25,5,224,1407.00,6,3,1,2
438,63,2020-12-14,2020-12-19,5,224,1407.00,6,6,0,0
439,64,2020-12-23,2020-12-25,2,177,564.40,5,5,0,0
440,64,2020-08-15,2020-08-24,9,177,1927.30,5,5,0,0
441,64,2020-09-17,2020-09-25,8,177,1732.60,5,2,2,1
442,64,2020-08-28,2020-09-01,4,177,953.80,3,3,0,0
443,64,2020-09-13,2020-09-16,3,177,759.10,5,4,0,1
444,64,2020-10-25,2020-10-28,3,177,759.10,5,3,2,0
445,64,2020-09-01,2020-09-11,10,177,2122.00,4,3,0,1
446,64,2020-11-14,2020-11-21,7,177,1537.90,3,1,0,2
447,65,2020-09-13,2020-09-21,8,248,2357.40,12,11,1,0
448,65,2020-11-08,2020-11-09,1,248,447.80,5,3,1,1
449,65,2020-08-08,2020-08-11,3,248,993.40,12,11,1,0
450,65,2020-08-24,2020-08-26,2,248,720.60,12,11,1,0
451,65,2020-07-17,2020-07-27,10,248,2903.00,12,11,1,0
452,65,2020-12-05,2020-12-12,7,248,2084.60,8,6,1,1
453,66,2020-07-21,2020-07-26,5,448,2639.00,5,3,1,1
454,66,2020-07-24,2020-07-30,6,448,3131.80,3,1,0,2
455,66,2020-12-18,2020-12-19,1,448,667.80,5,5,0,0
456,66,2020-11-07,2020-11-13,6,448,3131.80,8,6,0,2
457,66,2020-10-20,2020-10-26,6,448,3131.80,7,3,2,2
458,66,2020-12-17,2020-12-23,6,448,3131.80,8,6,2,0
459,66,2020-09-21,2020-09-25,4,448,2146.20,5,1,2,2
460,66,2020-10-08,2020-10-15,7,448,3624.60,4,3,0,1
461,66,2020-09-19,2020-09-24,5,448,2639.00,7,3,2,2
462,67,2020-06-25,2020-07-01,6,430,3013.00,11,11,0,0
463,67,2020-10-23,2020-10-25,2,430,1121.00,4,1,2,1
464,67,2020-07-22,2020-07-28,6,430,3013.00,5,3,0,2
465,67,2020-10-31,2020-11-04,4,430,2067.00,10,10,0,0
466,67,2020-09-30,2020-10-08,8,430,3959.00,7,6,1,0
467,68,2020-11-17,2020-11-27,10,145,1770.00,5,1,2,2
468,68,2020-07-18,2020-07-20,2,145,494.00,7,5,2,0
469,68,2020-09-06,2020-09-14,8,145,1451.00,7,4,1,2
470,68,2020-11-06,2020-11-14,8,145,1451.00,4,2,2,0
471,68,2020-11-03,2020-11-08,5,145,972.50,5,4,1,0
472,68,2020-10-30,2020-11-09,10,145,1770.00,4,2,2,0
473,68,2020-11-26,2020-12-04,8,145,1451.00,6,4,1,1
474,68,2020-10-09,2020-10-13,4,145,813.00,8,5,1,2
475,69,2020-08-03,2020-08-04,1,390,604.00,7,7,0,0
476,69,2020-11-01,2020-11-07,6,390,2749.00,7,7,0,0
477,69,2020-06-27,2020-07-04,7,390,3178.00,7,5,1,1
478,69,2020-08-18,2020-08-20,2,390,1033.00,7,7,0,0
479,69,2020-07-24,2020-07-28,4,390,1891.00,4,1,1,2
480,69,2020-09-20,2020-09-30,10,390,4465.00,6,5,0,1
481,69,2020-08-16,2020-08-25,9,390,4036.00,5,3,2,0
482,69,2020-10-12,2020-10-13,1,390,604.00,6,4,1,1
483,70,2020-07-04,2020-07-10,6,128,1019.80,5,4,1,0
484,70,2020-09-19,2020-09-25,6,128,1019.80,5,3,1,1
485,70,2020-07-11,2020-07-12,1,128,315.80,1,1,0,0
486,70,2020-10-26,2020-10-31,5,128,879.00,5,4,1,0
487,70,2020-09-14,2020-09-21,7,128,1160.60,5,3,2,0
488,70,2020-09-27,2020-10-01,4,128,738.20,3,3,0,0
489,70,2020-10-22,2020-10-28,6,128,1019.80,5,5,0,0
490,70,2020-08-01,2020-08-04,3,128,597.40,5,1,2,2
491,70,2020-11-15,2020-11-18,3,128,597.40,1,1,0,0
492,71,2020-07-11,2020-07-17,6,356,2524.60,4,3,1,0
493,71,2020-08-22,2020-08-25,3,356,1349.80,3,2,1,0
494,71,2020-08-21,2020-08-22,1,356,566.60,4,4,0,0
495,71,2020-11-13,2020-11-19,6,356,2524.60,4,3,1,0
496,71,2020-11-22,2020-11-23,1,356,566.60,2,2,0,0
497,71,2020-08-21,2020-08-24,3,356,1349.80,4,2,1,1
498,71,2020-06-28,2020-07-02,4,356,1741.40,4,3,0,1
499,71,2020-09-08,2020-09-16,8,356,3307.80,4,3,1,0
500,72,2020-08-17,2020-08-21,4,423,2036.20,6,3,1,2
501,72,2020-08-28,2020-09-01,4,423,2036.20,6,4,1,1
502,72,2020-10-10,2020-10-15,5,423,2501.50,7,4,1,2
503,72,2020-08-24,2020-08-27,3,423,1570.90,6,5,1,0
504,72,2020-06-26,2020-06-27,1,423,640.30,8,8,0,0
505,72,2020-10-20,2020-10-21,1,423,640.30,6,4,0,2
506,72,2020-10-31,2020-11-03,3,423,1570.90,6,5,1,0
507,72,2020-11-01,2020-11-05,4,423,2036.20,8,7,1,0
508,73,2020-07-10,2020-07-12,2,366,980.20,9,6,2,1
509,73,2020-08-19,2020-08-23,4,366,1785.40,5,2,2,1
510,73,2020-12-11,2020-12-12,1,366,577.60,6,3,2,1
511,73,2020-07-10,2020-07-16,6,366,2590.60,8,6,0,2
512,73,2020-09-03,2020-09-08,5,366,2188.00,4,1,1,2
513,73,2020-07-31,2020-08-05,5,366,2188.00,8,5,2,1
514,73,2020-11-05,2020-11-09,4,366,1785.40,4,1,1,2
515,74,2020-12-14,2020-12-20,6,274,1983.40,5,1,2,2
516,74,2020-09-27,2020-09-29,2,274,777.80,3,1,0,2
517,74,2020-09-15,2020-09-24,9,274,2887.60,6,4,2,0
518,74,2020-07-01,2020-07-04,3,274,1079.20,5,4,1,0
519,74,2020-10-10,2020-10-12,2,274,777.80,6,4,2,0
520,75,2020-07-24,2020-07-29,5,329,1984.50,4,3,0,1
521,75,2020-09-28,2020-10-01,3,329,1260.70,3,1,2,0
522,75,2020-10-10,2020-10-19,9,329,3432.10,4,3,1,0
523,75,2020-11-13,2020-11-14,1,329,536.90,4,2,2,0
524,75,2020-10-23,2020-10-28,5,329,1984.50,6,3,2,1
525,75,2020-11-10,2020-11-18,8,329,3070.20,2,1,0,1
526,75,2020-12-10,2020-12-19,9,329,3432.10,6,3,2,1
527,75,2020-09-04,2020-09-08,4,329,1622.60,5,1,2,2
528,75,2020-08-29,2020-08-31,2,329,898.80,6,6,0,0
529,76,2020-11-06,2020-11-15,9,217,2323.30,5,4,0,1
530,76,2020-08-22,2020-09-01,10,217,2562.00,9,9,0,0
531,76,2020-08-09,2020-08-13,4,217,1129.80,12,12,0,0
532,76,2020-12-21,2020-12-28,7,217,1845.90,10,9,0,1
533,76,2020-11-26,2020-12-01,5,217,1368.50,10,7,1,2
534,76,2020-07-03,2020-07-09,6,217,1607.20,10,10,0,0
535,76,2020-11-05,2020-11-14,9,217,2323.30,10,9,1,0
536,76,2020-07-29,2020-08-04,6,217,1607.20,5,4,1,0
537,76,2020-11-17,2020-11-20,3,217,891.10,12,11,1,0
538,77,2020-06-28,2020-06-29,1,206,401.60,9,7,1,1
539,77,2020-09-28,2020-10-04,6,206,1534.60,3,1,0,2
540,77,2020-10-08,2020-10-17,9,206,2214.40,2,2,0,0
541,77,2020-10-16,2020-10-22,6,206,1534.60,9,5,2,2
542,77,2020-12-02,2020-12-09,7,206,1761.20,9,8,1,0
543,77,2020-09-22,2020-09-29,7,206,1761.20,7,6,0,1
544,77,2020-08-17,2020-08-20,3,206,854.80,7,6,1,0
545,78,2020-09-25,2020-09-27,2,203,621.60,12,12,0,0
546,78,2020-09-01,2020-09-03,2,203,621.60,12,10,1,1
547,78,2020-09-17,2020-09-19,2,203,621.60,11,9,2,0
548,78,2020-09-03,2020-09-04,1,203,398.30,12,10,2,0
549,78,2020-12-26,2021-01-01,6,203,1514.80,6,5,1,0
550,78,2020-09-16,2020-09-25,9,203,2184.70,9,5,2,2
551,79,2020-10-26,2020-10-31,5,138,934.00,3,3,0,0
552,79,2020-08-03,2020-08-07,4,138,782.20,10,10,0,0
553,79,2020-10-25,2020-10-29,4,138,782.20,5,4,0,1
554,79,2020-12-12,2020-12-18,6,138,1085.80,3,2,0,1
555,79,2020-10-27,2020-11-03,7,138,1237.60,6,6,0,0
556,79,2020-08-20,2020-08-27,7,138,1237.60,8,7,0,1
557,79,2020-07-04,2020-07-14,10,138,1693.00,7,7,0,0
558,79,2020-12-09,2020-12-12,3,138,630.40,9,8,0,1
559,80,2020-11-10,2020-11-11,1,107,292.70,10,9,1,0
560,80,2020-08-13,2020-08-20,7,107,998.90,5,1,2,2
561,80,2020-11-09,2020-11-13,4,107,645.80,10,8,1,1
562,80,2020-08-28,2020-09-04,7,107,998.90,7,5,1,1
563,80,2020-10-03,2020-10-05,2,107,410.40,9,5,2,2
564,80,2020-06-28,2020-06-29,1,107,292.70,10,8,1,1
565,80,2020-09-17,2020-09-23,6,107,881.20,7,5,0,2
566,80,2020-08-01,2020-08-11,10,107,1352.00,10,9,1,0
567,80,2020-12-28,2020-12-30,2,107,410.40,4,4,0,0
568,81,2020-12-20,2020-12-28,8,168,1653.40,3,2,1,0
569,81,2020-09-02,2020-09-07,5,168,1099.00,3,1,1,1
570,81,2020-09-25,2020-10-04,9,168,1838.20,3,2,1,0
571,81,2020-07-23,2020-07-30,7,168,1468.60,3,1,2,0
572,81,2020-09-04,2020-09-12,8,168,1653.40,4,1,2,1
573,82,2020-10-11,2020-10-13,2,362,971.40,11,9,1,1
574,82,2020-10-02,2020-10-04,2,362,971.40,11,10,1,0
575,82,2020-10-03,2020-10-07,4,362,1767.80,7,4,2,1
576,82,2020-12-17,2020-12-27,10,362,4157.00,11,8,2,1
577,82,2020-08-15,2020-08-20,5,362,2166.00,9,9,0,0
578,82,2020-07-30,2020-08-04,5,362,2166.00,4,2,1,1
579,82,2020-08-25,2020-09-01,7,362,2962.40,6,5,1,0
580,83,2020-09-14,2020-09-24,10,468,5323.00,5,4,1,0
581,83,2020-10-13,2020-10-22,9,468,4808.20,4,1,2,1
582,83,2020-12-27,2021-01-04,8,468,4293.40,5,3,2,0
583,83,2020-11-16,2020-11-18,2,468,1204.60,2,2,0,0
584,83,2020-12-29,2021-01-08,10,468,5323.00,1,1,0,0
585,83,2020-09-19,2020-09-24,5,468,2749.00,5,5,0,0
586,83,2020-08-18,2020-08-21,3,468,1719.40,5,4,0,1
587,83,2020-07-11,2020-07-20,9,468,4808.20,5,5,0,0
588,84,2020-12-06,2020-12-15,9,303,3174.70,5,3,1,1
589,84,2020-08-03,2020-08-06,3,303,1174.90,6,2,2,2
590,84,2020-11-02,2020-11-11,9,303,3174.70,9,7,1,1
591,84,2020-11-20,2020-11-25,5,303,1841.50,11,10,1,0
592,84,2020-10-26,2020-10-28,2,303,841.60,3,1,0,2
593,84,2020-12-14,2020-12-15,1,303,508.30,11,11,0,0
594,84,2020-07-03,2020-07-08,5,303,1841.50,4,1,1,2
595,85,2020-10-16,2020-10-18,2,382,1015.40,2,1,1,0
596,85,2020-11-15,2020-11-16,1,382,595.20,2,1,0,1
597,85,2020-10-02,2020-10-10,8,382,3536.60,2,2,0,0
598,85,2020-11-25,2020-11-26,1,382,595.20,1,1,0,0
599,85,2020-10-03,2020-10-13,10,382,4377.00,2,1,1,0
600,85,2020-07-04,2020-07-10,6,382,2696.20,2,1,1,0
601,86,2020-10-03,2020-10-05,2,124,447.80,4,2,2,0
602,86,2020-07-30,2020-08-04,5,124,857.00,4,4,0,0
603,86,2020-12-07,2020-12-11,4,124,720.60,4,2,2,0
604,86,2020-11-14,2020-11-17,3,124,584.20,4,2,1,1
605,86,2020-09-26,2020-10-03,7,124,1129.80,4,4,0,0
606,86,2020-12-23,2020-12-24,1,124,311.40,4,3,1,0
607,86,2020-09-06,2020-09-10,4,124,720.60,4,3,1,0
608,86,2020-08-17,2020-08-20,3,124,584.20,4,4,0,0
609,87,2020-08-06,2020-08-10,4,185,989.00,8,7,0,1
610,87,2020-12-10,2020-12-20,10,185,2210.00,5,3,0,2
611,87,2020-10-24,2020-11-03,10,185,2210.00,3,1,0,2
612,87,2020-07-08,2020-07-14,6,185,1396.00,8,7,1,0
613,87,2020-10-04,2020-10-11,7,185,1599.50,3,3,0,0
614,87,2020-12-01,2020-12-07,6,185,1396.00,8,5,2,1
615,87,2020-10-22,2020-10-27,5,185,1192.50,7,5,1,1
616,87,2020-10-25,2020-10-29,4,185,989.00,8,6,1,1
617,88,2020-12-13,2020-12-14,1,405,620.50,12,12,0,0
618,88,2020-12-29,2021-01-06,8,405,3739.00,3,1,1,1
619,88,2020-11-06,2020-11-15,9,405,4184.50,8,4,2,2
620,88,2020-12-29,2020-12-30,1,405,620.50,12,10,1,1
621,88,2020-09-26,2020-09-28,2,405,1066.00,12,11,1,0
622,88,2020-08-06,2020-08-10,4,405,1957.00,11,10,1,0
623,88,2020-08-17,2020-08-27,10,405,4630.00,5,4,1,0
624,88,2020-08-27,2020-09-06,10,405,4630.00,10,6,2,2
625,89,2020-12-10,2020-12-19,9,406,4194.40,3,1,1,1
626,89,2020-10-11,2020-10-20,9,406,4194.40,3,2,1,0
627,89,2020-12-29,2021-01-01,3,406,1514.80,3,2,1,0
628,89,2020-12-10,2020-12-20,10,406,4641.00,3,3,0,0
629,89,2020-11-08,2020-11-18,10,406,4641.00,1,1,0,0
630,90,2020-11-08,2020-11-14,6,327,2333.20,10,8,1,1
631,90,2020-09-11,2020-09-16,5,327,1973.50,2,1,1,0
632,90,2020-08-17,2020-08-23,6,327,2333.20,5,4,0,1
633,90,2020-11-07,2020-11-15,8,327,3052.60,5,4,1,0
634,90,2020-09-06,2020-09-16,10,327,3772.00,11,11,0,0
635,90,2020-08-18,2020-08-25,7,327,2692.90,11,8,2,1
636,91,2020-09-29,2020-10-08,9,242,2570.80,2,1,1,0
637,91,2020-10-27,2020-11-06,10,242,2837.00,3,3,0,0
638,91,2020-10-12,2020-10-15,3,242,973.60,3,1,2,0
639,91,2020-06-28,2020-07-03,5,242,1506.00,3,2,1,0
640,91,2020-11-22,2020-11-23,1,242,441.20,3,2,1,0
641,91,2020-10-29,2020-10-30,1,242,441.20,3,3,0,0
642,91,2020-08-02,2020-08-07,5,242,1506.00,3,2,0,1
643,91,2020-08-25,2020-09-02,8,242,2304.60,1,1,0,0
644,91,2020-12-18,2020-12-21,3,242,973.60,3,3,0,0
645,92,2020-08-28,2020-09-06,9,375,3887.50,5,3,0,2
646,92,2020-11-01,2020-11-06,5,375,2237.50,10,6,2,2
647,92,2020-09-27,2020-10-04,7,375,3062.50,6,2,2,2
648,92,2020-06-18,2020-06-25,7,375,3062.50,10,10,0,0
649,92,2020-12-30,2021-01-08,9,375,3887.50,7,7,0,0
650,93,2020-09-22,2020-10-02,10,420,4795.00,4,4,0,0
651,93,2020-08-20,2020-08-25,5,420,2485.00,5,2,1,2
652,93,2020-09-03,2020-09-11,8,420,3871.00,8,7,1,0
653,93,2020-11-18,2020-11-27,9,420,4333.00,8,7,1,0
654,93,2020-09-05,2020-09-06,1,420,637.00,8,5,2,1
655,93,2020-12-30,2021-01-03,4,420,2023.00,5,4,1,0
656,93,2020-10-06,2020-10-07,1,420,637.00,2,1,1,0
657,93,2020-11-12,2020-11-15,3,420,1561.00,5,1,2,2
658,93,2020-08-24,2020-09-03,10,420,4795.00,6,5,1,0
659,94,2020-12-27,2020-12-29,2,222,663.40,5,2,1,2
660,94,2020-10-25,2020-11-02,8,222,2128.60,5,5,0,0
661,94,2020-10-12,2020-10-19,7,222,1884.40,5,5,0,0
662,94,2020-11-18,2020-11-20,2,222,663.40,3,2,1,0
663,94,2020-10-06,2020-10-08,2,222,663.40,5,5,0,0
664,95,2020-12-20,2020-12-24,4,309,1534.60,2,2,0,0
665,95,2020-11-25,2020-12-05,10,309,3574.00,2,1,1,0
666,95,2020-07-29,2020-08-05,7,309,2554.30,2,1,1,0
667,95,2020-10-27,2020-11-05,9,309,3234.10,2,2,0,0
668,95,2020-09-09,2020-09-15,6,309,2214.40,2,1,1,0
669,95,2020-06-29,2020-07-03,4,309,1534.60,2,2,0,0
670,95,2020-12-22,2020-12-24,2,309,854.80,1,1,0,0
671,95,2020-09-28,2020-09-30,2,309,854.80,2,2,0,0
672,95,2020-09-15,2020-09-18,3,309,1194.70,2,2,0,0
673,96,2020-12-29,2021-01-07,9,315,3293.50,3,3,0,0
674,96,2020-09-30,2020-10-10,10,315,3640.00,3,3,0,0
675,96,2020-06-23,2020-06-28,5,315,1907.50,3,2,1,0
676,96,2020-10-23,2020-10-24,1,315,521.50,3,1,1,1
677,96,2020-09-23,2020-09-27,4,315,1561.00,2,2,0,0
678,96,2020-08-28,2020-08-31,3,315,1214.50,3,3,0,0
679,97,2020-08-27,2020-09-04,8,250,2375.00,3,2,0,1
680,97,2020-11-02,2020-11-08,6,250,1825.00,7,7,0,0
681,97,2020-08-15,2020-08-17,2,250,725.00,6,5,1,0
682,97,2020-10-16,2020-10-25,9,250,2650.00,7,7,0,0
683,97,2020-12-06,2020-12-13,7,250,2100.00,5,4,1,0
684,97,2020-08-31,2020-09-01,1,250,450.00,7,5,2,0
685,98,2020-11-20,2020-11-22,2,249,722.80,10,8,0,2
686,98,2020-06-24,2020-06-26,2,249,722.80,4,2,1,1
687,98,2020-07-16,2020-07-20,4,249,1270.60,11,11,0,0
688,98,2020-08-05,2020-08-07,2,249,722.80,9,6,2,1
689,98,2020-10-10,2020-10-18,8,249,2366.20,4,1,2,1
690,98,2020-08-11,2020-08-14,3,249,996.70,9,6,1,2
691,98,2020-09-22,2020-09-27,5,249,1544.50,4,2,2,0
692,98,2020-11-06,2020-11-08,2,249,722.80,7,5,2,0
693,99,2020-08-27,2020-08-31,4,463,2212.20,5,3,1,1
694,99,2020-10-20,2020-10-30,10,463,5268.00,10,8,1,1
695,99,2020-08-24,2020-08-30,6,463,3230.80,8,6,0,2
696,99,2020-07-05,2020-07-13,8,463,4249.40,8,7,0,1
697,99,2020-10-29,2020-10-30,1,463,684.30,2,1,0,1
698,99,2020-11-23,2020-11-27,4,463,2212.20,11,10,1,0
699,99,2020-12-04,2020-12-13,9,463,4758.70,2,1,0,1
700,100,2020-10-13,2020-10-21,8,369,3422.20,3,1,1,1
701,100,2020-09-13,2020-09-19,6,369,2610.40,4,3,0,1
702,100,2020-07-20,2020-07-26,6,369,2610.40,4,2,0,2
703,100,2020-09-22,2020-09-27,5,369,2204.50,2,1,0,1
704,100,2020-12-29,2021-01-08,10,369,4234.00,5,2,2,1
705,100,2020-10-29,2020-11-04,6,369,2610.40,5,3,2,0
